site,mean_sst_trend,anomaly_from_circumpolar,n_valid,circumpolar_mean
CP,0.20784634227489193,0.10908630769803232,479,0.09876003457685961
PAR,-0.024064858993207445,-0.12282489357006705,560,0.09876003457685961
SEIR,0.1370967514601282,0.03833671688326859,176,0.09876003457685961
SWIR,-0.04820641852687307,-0.14696645310373269,240,0.09876003457685961
