D,p,n_meander,n_control,mean_meander,mean_control
0.19275510667500956,0.0,85696,59200,0.10074697,0.15195106
